filesize,object
6070,Hat
4472,Hat
3997,Hat
5023,Hat
5427,Hat
5410,Hat
5003,Hat
4696,Hat
4220,Hat
5266,Hat
5436,Hat
5160,Hat
5801,Hat
5136,Hat
4819,Hat
6609,Cube
6539,Cube
4746,Cube
7362,Cube
5050,Cube
6531,Cube
5911,Cube
5304,Cube
6614,Cube
7670,Cube
5494,Cube
6688,Cube
6508,Cube
5507,Cube
6879,Cube
5584,Cards
5445,Cards
4671,Cards
4092,Cards
3723,Cards
3798,Cards
3860,Cards
4437,Cards
4249,Cards
5093,Cards
4437,Cards
3815,Cards
4411,Cards
4442,Cards
5749,Cards
3501,Screwdriver
3814,Screwdriver
3626,Screwdriver
3369,Screwdriver
3539,Screwdriver
3698,Screwdriver
3808,Screwdriver
3630,Screwdriver
3332,Screwdriver
4030,Screwdriver
3750,Screwdriver
4075,Screwdriver
4108,Screwdriver
3323,Screwdriver
3871,Screwdriver
5659,Torch
4047,Torch
4275,Torch
6223,Torch
5907,Torch
5841,Torch
7146,Torch
5923,Torch
5755,Torch
5754,Torch
4772,Torch
4781,Torch
3895,Torch
5252,Torch
4819,Torch
